Filename,MethodName,LineNumber,Length,Parameters,IfDepth,CyclomaticComplexity,Toxicity
C:\Projects\Language\Delphi\Middleware\RickSQL\src\core\Rick.SQL.Core.Parameter.Validator.pas,TRickSQLCoreParameterScanner.TryStartQuoteOrIdentifier,733,11,1,4,5,0,588
C:\Projects\Language\Delphi\Middleware\RickSQL\src\services\Rick.SQL.Service.FireDAC.Transaction.pas,TRickSQLServiceFireDACTransaction.FinishTransaction,255,11,5,1,4,0,563
C:\Projects\Language\Delphi\Middleware\RickSQL\src\core\Rick.SQL.Core.Parameter.Validator.pas,TRickSQLCoreParameterScanner.IsInformixCatalogColon,445,16,1,1,6,0,542
C:\Projects\Language\Delphi\Middleware\RickSQL\src\core\Rick.SQL.Core.Parameter.Validator.pas,TRickSQLCoreParameterScanner.Extract,985,19,3,1,3,0,537
C:\Projects\Language\Delphi\Middleware\RickSQL\src\core\Rick.SQL.Core.Command.Validator.pas,TRickSQLCoreCommandValidator.Validate,89,12,3,1,5,0,533
C:\Projects\Language\Delphi\Middleware\RickSQL\src\core\Rick.SQL.Core.Connection.Validator.pas,TRickSQLCoreConnectionValidator.ExtraParameterError,167,12,2,1,6,0,533
C:\Projects\Language\Delphi\Middleware\RickSQL\src\core\Rick.SQL.Core.DataSet.Materializer.pas,TRickSQLCoreDataSetMaterializer.CopyRows,215,14,3,2,3,0,525
C:\Projects\Language\Delphi\Middleware\RickSQL\src\core\Rick.SQL.Core.Parameter.Validator.pas,TRickSQLCoreParameterScanner.TryTrackParenthesis,779,14,1,2,5,0,525
C:\Projects\Language\Delphi\Middleware\RickSQL\src\core\Rick.SQL.Core.Command.Executor.pas,TRickSQLCoreCommandExecutor.ExecutePrepared,219,10,4,1,4,0,508
C:\Projects\Language\Delphi\Middleware\RickSQL\src\core\Rick.SQL.Core.Command.Executor.pas,TRickSQLCoreCommandExecutor.PrepareSession,144,9,3,1,5,0,496
C:\Projects\Language\Delphi\Middleware\RickSQL\src\core\Rick.SQL.Core.Open.Executor.pas,TRickSQLCoreOpenExecutor.PrepareSession,124,9,3,1,5,0,496
C:\Projects\Language\Delphi\Middleware\RickSQL\src\services\Rick.SQL.Service.FireDAC.Transaction.pas,TRickSQLServiceFireDACTransaction.RollbackAfterFailure,137,12,2,1,5,0,492
C:\Projects\Language\Delphi\Middleware\RickSQL\src\core\Rick.SQL.Core.Parameter.Validator.pas,TRickSQLCoreParameterScanner.TrySkipDialectColon,849,15,1,1,5,0,487
C:\Projects\Language\Delphi\Middleware\RickSQL\src\core\Rick.SQL.Core.Parameter.Validator.pas,TRickSQLCoreParameterScanner.ProcessNormal,906,11,1,1,6,0,479
C:\Projects\Language\Delphi\Middleware\RickSQL\src\core\Rick.SQL.Core.Parameter.Validator.pas,IsValueCompatible,1067,11,1,1,6,0,479
C:\Projects\Language\Delphi\Middleware\RickSQL\src\core\Rick.SQL.Core.Parameter.Validator.pas,TRickSQLCoreParameterScanner.ProcessBlockComment,953,13,1,2,4,0,471
C:\Projects\Language\Delphi\Middleware\RickSQL\src\core\Rick.SQL.Core.Command.Executor.pas,TRickSQLCoreCommandExecutor.CreateSession,123,10,3,1,4,0,467
C:\Projects\Language\Delphi\Middleware\RickSQL\src\core\Rick.SQL.Core.Open.Executor.pas,TRickSQLCoreOpenExecutor.CreateSession,103,10,3,1,4,0,467
C:\Projects\Language\Delphi\Middleware\RickSQL\src\core\Rick.SQL.Core.Parameter.Validator.pas,TRickSQLCoreParameterValidator.ValidateParameterNames,1172,10,2,1,5,0,467
C:\Projects\Language\Delphi\Middleware\RickSQL\src\services\drivers\Rick.SQL.Service.FireDAC.Driver.Context.pas,TRickSQLServiceFireDACDriverContext.Create,67,13,2,1,4,0,463
C:\Projects\Language\Delphi\Middleware\RickSQL\src\core\Rick.SQL.Core.Connection.Validator.pas,TRickSQLCoreConnectionValidator.Validate,244,9,3,1,4,0,454
C:\Projects\Language\Delphi\Middleware\RickSQL\src\core\Rick.SQL.Core.Open.Executor.pas,TRickSQLCoreOpenExecutor.Open,80,12,2,1,4,0,450
C:\Projects\Language\Delphi\Middleware\RickSQL\src\core\Rick.SQL.Core.ClientLibrary.Resolver.pas,TRickSQLCoreClientLibraryResolver.FindCandidate,566,8,3,1,4,0,442
C:\Projects\Language\Delphi\Middleware\RickSQL\src\core\Rick.SQL.Core.Driver.Context.Factory.pas,TRickSQLCoreDriverContextFactory.Create,62,8,4,1,3,0,442
C:\Projects\Language\Delphi\Middleware\RickSQL\src\core\Rick.SQL.Core.ClientLibrary.Resolver.pas,TRickSQLCoreClientLibraryResolver.ConfigureInternal,903,11,2,1,4,0,438
C:\Projects\Language\Delphi\Middleware\RickSQL\src\core\Rick.SQL.Core.DataSet.Materializer.pas,TRickSQLCoreDataSetMaterializer.ValidateSetup,125,11,2,1,4,0,438
C:\Projects\Language\Delphi\Middleware\RickSQL\src\services\Rick.SQL.Service.FireDAC.Connection.pas,TRickSQLServiceFireDACConnection.ValidateSetup,156,11,2,1,4,0,438
C:\Projects\Language\Delphi\Middleware\RickSQL\src\services\Rick.SQL.Service.FireDAC.Query.pas,TRickSQLServiceFireDACQuery.ValidateSetup,143,11,2,1,4,0,438
C:\Projects\Language\Delphi\Middleware\RickSQL\src\error\Rick.SQL.Error.Normalizer.pas,TRickSQLErrorNormalizer.ExtractSQLState,90,11,1,1,5,0,438
C:\Projects\Language\Delphi\Middleware\RickSQL\src\core\Rick.SQL.Core.Parameter.Validator.pas,TRickSQLCoreParameterScanner.ProcessDelimited,922,14,1,1,4,0,433
C:\Projects\Language\Delphi\Middleware\RickSQL\src\services\drivers\Rick.SQL.Service.FireDAC.Driver.VendorLibrary.pas,TRickSQLServiceFireDACDriverVendorLibrary.TryApply,102,17,2,1,2,0,429
C:\Projects\Language\Delphi\Middleware\RickSQL\src\core\Rick.SQL.Core.ClientLibrary.Resolver.pas,TRickSQLCoreClientLibraryResolver.FindInDirectory,582,10,2,1,4,0,425
C:\Projects\Language\Delphi\Middleware\RickSQL\src\core\Rick.SQL.Core.ClientLibrary.Resolver.pas,VendorLibraryError,868,10,2,1,4,0,425
C:\Projects\Language\Delphi\Middleware\RickSQL\src\services\drivers\Rick.SQL.Service.FireDAC.Driver.VendorLibrary.pas,TRickSQLServiceFireDACDriverVendorLibrary.Apply,79,10,2,1,4,0,425
C:\Projects\Language\Delphi\Middleware\RickSQL\src\core\Rick.SQL.Core.Parameter.Validator.pas,TRickSQLCoreParameterScanner.TryTrackArrayBracket,805,9,1,2,4,0,421
C:\Projects\Language\Delphi\Middleware\RickSQL\src\core\Rick.SQL.Core.DataSet.Materializer.pas,TRickSQLCoreDataSetMaterializer.CopyFieldMetadata,155,6,3,1,4,0,417
C:\Projects\Language\Delphi\Middleware\RickSQL\src\core\Rick.SQL.Core.DataSet.Materializer.pas,TRickSQLCoreDataSetMaterializer.CopyRowsInternal,252,9,3,1,3,0,412
C:\Projects\Language\Delphi\Middleware\RickSQL\src\core\Rick.SQL.Core.Connection.Validator.pas,TRickSQLCoreConnectionValidator.ValidateProvider,217,8,3,1,3,0,400
C:\Projects\Language\Delphi\Middleware\RickSQL\src\core\Rick.SQL.Core.Parameter.Validator.pas,IsValidParameterName,1021,8,1,1,5,0,400
C:\Projects\Language\Delphi\Middleware\RickSQL\src\services\Rick.SQL.Service.FireDAC.Transaction.pas,TRickSQLServiceFireDACTransaction.Start,78,8,2,1,4,0,400
C:\Projects\Language\Delphi\Middleware\RickSQL\src\services\Rick.SQL.Service.FireDAC.Transaction.pas,TRickSQLServiceFireDACTransaction.Commit,97,8,2,1,4,0,400
C:\Projects\Language\Delphi\Middleware\RickSQL\src\services\Rick.SQL.Service.FireDAC.Transaction.pas,TRickSQLServiceFireDACTransaction.Rollback,117,8,2,1,4,0,400
C:\Projects\Language\Delphi\Middleware\RickSQL\src\services\drivers\Rick.SQL.Service.FireDAC.Driver.Base.pas,TRickSQLServiceFireDACDriverProvider.ValidateOptions,291,8,2,1,4,0,400
C:\Projects\Language\Delphi\Middleware\RickSQL\src\core\Rick.SQL.Core.Parameter.Validator.pas,TRickSQLCoreParameterScanner.TryStartLineComment,607,11,1,1,4,0,396
C:\Projects\Language\Delphi\Middleware\RickSQL\src\core\Rick.SQL.Core.Parameter.Validator.pas,TRickSQLCoreParameterScanner.TryStartAlternativeQuote,654,11,1,1,4,0,396
C:\Projects\Language\Delphi\Middleware\RickSQL\src\core\Rick.SQL.Core.Parameter.Validator.pas,TRickSQLCoreParameterScanner.ReadParameter,873,11,1,1,4,0,396
C:\Projects\Language\Delphi\Middleware\RickSQL\src\core\Rick.SQL.Core.ClientLibrary.Resolver.pas,TRickSQLCoreClientLibraryResolver.FindSystemCandidate,647,7,2,1,4,0,388
C:\Projects\Language\Delphi\Middleware\RickSQL\src\core\Rick.SQL.Core.ClientLibrary.Resolver.pas,TRickSQLCoreClientLibraryResolver.ResolveByContext,798,7,2,1,4,0,388
C:\Projects\Language\Delphi\Middleware\RickSQL\src\core\Rick.SQL.Core.Connection.Validator.pas,TRickSQLCoreConnectionValidator.ValidateGeneralOptions,204,7,2,1,4,0,388
C:\Projects\Language\Delphi\Middleware\RickSQL\src\core\Rick.SQL.Core.Parameter.Validator.pas,TRickSQLCoreParameterScanner.IsDollarQuoteTagValid,696,7,2,1,4,0,388
C:\Projects\Language\Delphi\Middleware\RickSQL\src\core\Rick.SQL.Core.Parameter.Validator.pas,TRickSQLCoreParameterValidator.ValidateParameterValues,1192,7,2,1,4,0,388
C:\Projects\Language\Delphi\Middleware\RickSQL\src\services\Rick.SQL.Service.FireDAC.Parameter.Binder.pas,TRickSQLServiceFireDACParameterBinder.Bind,80,7,2,1,4,0,388
C:\Projects\Language\Delphi\Middleware\RickSQL\src\services\drivers\Rick.SQL.Service.FireDAC.Driver.Base.pas,TRickSQLServiceFireDACDriverProvider.AddParameter,115,7,2,1,4,0,388
C:\Projects\Language\Delphi\Middleware\RickSQL\src\core\Rick.SQL.Core.Parameter.Validator.pas,TRickSQLCoreParameterScanner.TryTrackStructure,820,10,1,1,4,0,383
C:\Projects\Language\Delphi\Middleware\RickSQL\src\services\drivers\Rick.SQL.Service.FireDAC.Driver.Context.pas,VendorLibraryError,122,10,1,1,4,0,383
C:\Projects\Language\Delphi\Middleware\RickSQL\src\core\Rick.SQL.Core.ClientLibrary.Resolver.pas,TRickSQLCoreClientLibraryResolver.ValidateArchitecture,779,9,2,1,3,0,371
C:\Projects\Language\Delphi\Middleware\RickSQL\src\core\Rick.SQL.Core.DataSet.Materializer.pas,TRickSQLCoreDataSetMaterializer.CopyCurrentRecord,272,9,2,1,3,0,371
C:\Projects\Language\Delphi\Middleware\RickSQL\src\core\Rick.SQL.Core.Parameter.Validator.pas,ValidateSize,1106,9,2,1,3,0,371
C:\Projects\Language\Delphi\Middleware\RickSQL\src\core\Rick.SQL.Core.Parameter.Validator.pas,ValidateNullConsistency,1144,9,2,1,3,0,371
C:\Projects\Language\Delphi\Middleware\RickSQL\src\core\Rick.SQL.Core.Parameter.Validator.pas,TRickSQLCoreParameterValidator.ValidateRequiredParameters,1210,9,2,1,3,0,371
C:\Projects\Language\Delphi\Middleware\RickSQL\src\services\Rick.SQL.Service.FireDAC.Transaction.pas,TRickSQLServiceFireDACTransaction.StartTransaction,234,9,2,1,3,0,371
C:\Projects\Language\Delphi\Middleware\RickSQL\src\error\Rick.SQL.Error.Normalizer.pas,TRickSQLErrorNormalizer.TechnicalDetail,164,9,1,1,4,0,371
C:\Projects\Language\Delphi\Middleware\RickSQL\src\services\Rick.SQL.Service.FireDAC.Transaction.pas,TRickSQLServiceFireDACTransaction.ValidateConnection,199,5,3,1,3,0,362
C:\Projects\Language\Delphi\Middleware\RickSQL\src\error\Rick.SQL.Error.Normalizer.pas,TRickSQLErrorNormalizer.FromException,180,5,4,1,2,0,362
C:\Projects\Language\Delphi\Middleware\RickSQL\src\core\Rick.SQL.Core.ClientLibrary.Resolver.pas,TRickSQLCoreClientLibraryResolver.ReadPEMachine,460,8,2,1,3,0,358
C:\Projects\Language\Delphi\Middleware\RickSQL\src\core\Rick.SQL.Core.ClientLibrary.Resolver.pas,TRickSQLCoreClientLibraryResolver.ResolveInternal,812,8,3,1,2,0,358
C:\Projects\Language\Delphi\Middleware\RickSQL\src\core\Rick.SQL.Core.Parameter.Validator.pas,TRickSQLCoreParameterScanner.IsOraclePseudoRecord,480,8,1,1,4,0,358
C:\Projects\Language\Delphi\Middleware\RickSQL\src\Rick.SQL.Interf.pas,TRickSQLInterf.AddConnectionParameter,552,8,2,1,3,0,358
C:\Projects\Language\Delphi\Middleware\RickSQL\src\core\Rick.SQL.Core.DataSet.Materializer.pas,TRickSQLCoreDataSetMaterializer.Materialize,94,11,2,1,2,0,354
C:\Projects\Language\Delphi\Middleware\RickSQL\src\core\Rick.SQL.Core.ClientLibrary.Resolver.pas,TRickSQLCoreClientLibraryResolver.ResolveStandard,723,7,2,1,3,0,346
C:\Projects\Language\Delphi\Middleware\RickSQL\src\core\Rick.SQL.Core.Parameter.Validator.pas,TRickSQLCoreParameterScanner.TryStartDelimitedSyntax,754,7,1,1,4,0,346
C:\Projects\Language\Delphi\Middleware\RickSQL\src\model\Rick.SQL.Model.Connection.Options.pas,TRickSQLConnectionOptions.AddExtraParameter,66,7,2,1,3,0,346
C:\Projects\Language\Delphi\Middleware\RickSQL\src\services\Rick.SQL.Service.FireDAC.Parameter.Binder.pas,TRickSQLServiceFireDACParameterBinder.BindParameter,98,7,3,1,2,0,346
C:\Projects\Language\Delphi\Middleware\RickSQL\src\services\drivers\Rick.SQL.Service.FireDAC.Driver.Advantage.pas,TRickSQLServiceFireDACDriverAdvantage.ApplyConnectionOptions,62,7,2,1,3,0,346
C:\Projects\Language\Delphi\Middleware\RickSQL\src\services\drivers\Rick.SQL.Service.FireDAC.Driver.Firebird.pas,TRickSQLServiceFireDACDriverFirebird.ApplyConnectionOptions,55,7,2,1,3,0,346
C:\Projects\Language\Delphi\Middleware\RickSQL\src\services\drivers\Rick.SQL.Service.FireDAC.Driver.InterBase.pas,TRickSQLServiceFireDACDriverInterBase.ApplyConnectionOptions,65,7,2,1,3,0,346
C:\Projects\Language\Delphi\Middleware\RickSQL\src\core\Rick.SQL.Core.Parameter.Validator.pas,TRickSQLCoreParameterScanner.IsJSONObjectSeparator,509,10,1,1,3,0,342
C:\Projects\Language\Delphi\Middleware\RickSQL\src\core\Rick.SQL.Core.Parameter.Validator.pas,TRickSQLCoreParameterScanner.TryTrackJSONObjectComma,560,10,1,1,3,0,342
C:\Projects\Language\Delphi\Middleware\RickSQL\src\services\Rick.SQL.Service.FireDAC.Query.pas,TRickSQLServiceFireDACQuery.Configure,79,10,2,1,2,0,342
C:\Projects\Language\Delphi\Middleware\RickSQL\src\services\drivers\Rick.SQL.Service.FireDAC.Driver.Base.pas,TRickSQLServiceFireDACDriverProvider.ApplyConnectionOptions,214,10,2,1,2,0,342
C:\Projects\Language\Delphi\Middleware\RickSQL\src\core\Rick.SQL.Core.Connection.Validator.pas,TRickSQLCoreConnectionValidator.ValidateClientLibraryPath,138,6,2,1,3,0,333
C:\Projects\Language\Delphi\Middleware\RickSQL\src\core\Rick.SQL.Core.Connection.Validator.pas,TRickSQLCoreConnectionValidator.ValidateExtraParameters,188,6,2,1,3,0,333
C:\Projects\Language\Delphi\Middleware\RickSQL\src\core\Rick.SQL.Core.Parameter.Validator.pas,TRickSQLCoreParameterValidator.Validate,1231,6,2,1,3,0,333
C:\Projects\Language\Delphi\Middleware\RickSQL\src\services\Rick.SQL.Service.FireDAC.Transaction.pas,TRickSQLServiceFireDACTransaction.AppendRollbackDetail,282,6,2,1,3,0,333
C:\Projects\Language\Delphi\Middleware\RickSQL\src\core\Rick.SQL.Core.ClientLibrary.Resolver.pas,TRickSQLCoreClientLibraryResolver.FindInEnvironment,626,9,1,1,3,0,329
C:\Projects\Language\Delphi\Middleware\RickSQL\src\core\Rick.SQL.Core.Parameter.Validator.pas,TRickSQLCoreParameterScanner.TryStartDollarQuote,714,9,1,1,3,0,329
C:\Projects\Language\Delphi\Middleware\RickSQL\src\services\Rick.SQL.Service.FireDAC.Connection.pas,TRickSQLServiceFireDACConnection.Configure,83,9,2,1,2,0,329
C:\Projects\Language\Delphi\Middleware\RickSQL\src\core\Rick.SQL.Core.Command.Executor.pas,TRickSQLCoreCommandExecutor.ExecuteWithSession,109,5,2,1,3,0,321
C:\Projects\Language\Delphi\Middleware\RickSQL\src\core\Rick.SQL.Core.Command.Validator.pas,TRickSQLCoreCommandValidator.ValidateOptions,68,5,2,1,3,0,321
C:\Projects\Language\Delphi\Middleware\RickSQL\src\core\Rick.SQL.Core.Connection.Validator.pas,TRickSQLCoreConnectionValidator.HasDuplicateExtraParameter,153,5,2,1,3,0,321
C:\Projects\Language\Delphi\Middleware\RickSQL\src\core\Rick.SQL.Core.DataSet.Materializer.pas,TRickSQLCoreDataSetMaterializer.CopyField,293,5,3,1,2,0,321
C:\Projects\Language\Delphi\Middleware\RickSQL\src\core\Rick.SQL.Core.Driver.Context.Factory.pas,TRickSQLCoreDriverContextFactory.Create,49,5,3,1,2,0,321
C:\Projects\Language\Delphi\Middleware\RickSQL\src\core\Rick.SQL.Core.Open.Executor.pas,TRickSQLCoreOpenExecutor.MaterializeQuery,208,5,3,1,2,0,321
C:\Projects\Language\Delphi\Middleware\RickSQL\src\core\Rick.SQL.Core.Parameter.Validator.pas,HasDuplicateParameter,1093,5,2,1,3,0,321
C:\Projects\Language\Delphi\Middleware\RickSQL\src\services\Rick.SQL.Service.FireDAC.Transaction.pas,TRickSQLServiceFireDACTransaction.TryActive,212,9,4,0,1,0,321
C:\Projects\Language\Delphi\Middleware\RickSQL\src\core\Rick.SQL.Core.ClientLibrary.Resolver.pas,TRickSQLCoreClientLibraryResolver.FindByDriverDefault,659,8,1,1,3,0,317
C:\Projects\Language\Delphi\Middleware\RickSQL\src\core\Rick.SQL.Core.Command.Executor.pas,TRickSQLCoreCommandExecutor.Execute,89,8,1,1,3,0,317
C:\Projects\Language\Delphi\Middleware\RickSQL\src\core\Rick.SQL.Core.DataSet.Materializer.pas,TRickSQLCoreDataSetMaterializer.CopyFieldProperties,171,8,2,1,2,0,317
C:\Projects\Language\Delphi\Middleware\RickSQL\src\core\Rick.SQL.Core.DataSet.Materializer.pas,TRickSQLCoreDataSetMaterializer.CreateMemoryDataSet,185,8,2,1,2,0,317
C:\Projects\Language\Delphi\Middleware\RickSQL\src\core\Rick.SQL.Core.Parameter.Validator.pas,TRickSQLCoreParameterScanner.TryStartComment,627,8,1,1,3,0,317
C:\Projects\Language\Delphi\Middleware\RickSQL\src\core\Rick.SQL.Core.Parameter.Validator.pas,TRickSQLCoreParameterScanner.BeginDelimited,588,5,5,0,1,0,313
C:\Projects\Language\Delphi\Middleware\RickSQL\src\core\Rick.SQL.Core.Parameter.Validator.pas,TRickSQLCoreParameterScanner.Process,974,5,1,0,5,0,313
C:\Projects\Language\Delphi\Middleware\RickSQL\src\services\Rick.SQL.Service.FireDAC.Session.pas,TRickSQLServiceFireDACSession.Create,64,11,1,1,2,0,313
C:\Projects\Language\Delphi\Middleware\RickSQL\src\core\Rick.SQL.Core.Driver.Context.Factory.pas,TRickSQLCoreDriverContextFactory.ResolveProvider,80,4,3,1,2,0,308
C:\Projects\Language\Delphi\Middleware\RickSQL\src\core\Rick.SQL.Core.Driver.Context.Factory.pas,TRickSQLCoreDriverContextFactory.ResolveLibrary,91,4,3,1,2,0,308
C:\Projects\Language\Delphi\Middleware\RickSQL\src\core\Rick.SQL.Core.Error.Parser.pas,TRickSQLCoreErrorParser.FromMessage,88,4,3,1,2,0,308
C:\Projects\Language\Delphi\Middleware\RickSQL\src\core\Rick.SQL.Core.Parameter.Validator.pas,FindParameterIndex,1082,4,2,1,3,0,308
C:\Projects\Language\Delphi\Middleware\RickSQL\src\services\drivers\Rick.SQL.Service.FireDAC.Driver.Base.pas,TRickSQLServiceFireDACDriverProvider.ExtraParameterValue,201,4,2,1,3,0,308
C:\Projects\Language\Delphi\Middleware\RickSQL\src\core\Rick.SQL.Core.ClientLibrary.Resolver.pas,TRickSQLCoreClientLibraryResolver.ResolveDirectories,706,7,1,1,3,0,304
C:\Projects\Language\Delphi\Middleware\RickSQL\src\core\Rick.SQL.Core.ClientLibrary.Resolver.pas,TRickSQLCoreClientLibraryResolver.ResolveEnvironmentOrDefault,738,7,1,1,3,0,304
C:\Projects\Language\Delphi\Middleware\RickSQL\src\core\Rick.SQL.Core.Parameter.Validator.pas,TRickSQLCoreParameterScanner.IsSQLServerLabelColon,398,7,1,1,3,0,304
C:\Projects\Language\Delphi\Middleware\RickSQL\src\core\Rick.SQL.Core.Parameter.Validator.pas,TRickSQLCoreParameterScanner.IsArraySliceColon,493,7,1,1,3,0,304
C:\Projects\Language\Delphi\Middleware\RickSQL\src\core\Rick.SQL.Core.Parameter.Validator.pas,TRickSQLCoreParameterScanner.ProcessColon,893,7,1,1,3,0,304
C:\Projects\Language\Delphi\Middleware\RickSQL\src\services\drivers\Rick.SQL.Service.FireDAC.Driver.Access.pas,TRickSQLServiceFireDACDriverAccess.ApplyConnectionOptions,55,7,2,1,2,0,304
C:\Projects\Language\Delphi\Middleware\RickSQL\src\core\Rick.SQL.Core.Command.Executor.pas,TRickSQLCoreCommandExecutor.StartConfiguredTransaction,197,3,3,1,2,0,296
C:\Projects\Language\Delphi\Middleware\RickSQL\src\core\Rick.SQL.Core.Command.Executor.pas,TRickSQLCoreCommandExecutor.CommitConfiguredTransaction,208,3,3,1,2,0,296
C:\Projects\Language\Delphi\Middleware\RickSQL\src\core\Rick.SQL.Core.Command.Executor.pas,TRickSQLCoreCommandExecutor.RollbackConfigured,256,3,3,1,2,0,296
C:\Projects\Language\Delphi\Middleware\RickSQL\src\services\Rick.SQL.Service.FireDAC.Transaction.pas,TRickSQLServiceFireDACTransaction.ValidateAssigned,188,3,3,1,2,0,296
C:\Projects\Language\Delphi\Middleware\RickSQL\src\core\Rick.SQL.Core.ClientLibrary.Resolver.pas,TRickSQLCoreClientLibraryResolver.DequotePath,331,6,1,1,3,0,292
C:\Projects\Language\Delphi\Middleware\RickSQL\src\core\Rick.SQL.Core.ClientLibrary.Resolver.pas,TRickSQLCoreClientLibraryResolver.NormalizeExplicitPath,356,6,1,1,3,0,292
C:\Projects\Language\Delphi\Middleware\RickSQL\src\core\Rick.SQL.Core.ClientLibrary.Resolver.pas,TRickSQLCoreClientLibraryResolver.LibraryNames,392,6,1,1,3,0,292
C:\Projects\Language\Delphi\Middleware\RickSQL\src\core\Rick.SQL.Core.ClientLibrary.Resolver.pas,TRickSQLCoreClientLibraryResolver.LocateExplicitPath,693,6,1,1,3,0,292
C:\Projects\Language\Delphi\Middleware\RickSQL\src\core\Rick.SQL.Core.Parameter.Validator.pas,TRickSQLCoreParameterScanner.IsLabelColon,434,6,1,1,3,0,292
C:\Projects\Language\Delphi\Middleware\RickSQL\src\error\Rick.SQL.Error.Normalizer.pas,TRickSQLErrorNormalizer.FireDACDetail,62,6,1,1,3,0,292
C:\Projects\Language\Delphi\Middleware\RickSQL\src\error\Rick.SQL.Error.Normalizer.pas,TRickSQLErrorNormalizer.ExtractDBMSCode,76,6,1,1,3,0,292
C:\Projects\Language\Delphi\Middleware\RickSQL\src\core\Rick.SQL.Core.Parameter.Validator.pas,TRickSQLCoreParameterScanner.IsStructuredLabelColon,413,6,1,0,4,0,283
C:\Projects\Language\Delphi\Middleware\RickSQL\src\core\Rick.SQL.Core.ClientLibrary.Resolver.pas,TRickSQLCoreClientLibraryResolver.ResolveExplicit,676,5,2,1,2,0,279
C:\Projects\Language\Delphi\Middleware\RickSQL\src\core\Rick.SQL.Core.Parameter.Validator.pas,TRickSQLCoreParameterScanner.AlternativeQuoteOpeningOffset,640,5,1,1,3,0,279
C:\Projects\Language\Delphi\Middleware\RickSQL\src\core\Rick.SQL.Core.Parameter.Validator.pas,TRickSQLCoreParameterScanner.FindDollarQuoteEnd,686,5,1,1,3,0,279
C:\Projects\Language\Delphi\Middleware\RickSQL\src\core\Rick.SQL.Core.Parameter.Validator.pas,ValidateDirection,1122,5,2,1,2,0,279
C:\Projects\Language\Delphi\Middleware\RickSQL\src\core\Rick.SQL.Core.Parameter.Validator.pas,ValidateDataType,1133,5,2,1,2,0,279
C:\Projects\Language\Delphi\Middleware\RickSQL\src\services\Rick.SQL.Service.FireDAC.Parameter.Binder.pas,ApplyValue,186,5,2,1,2,0,279
C:\Projects\Language\Delphi\Middleware\RickSQL\src\services\drivers\Rick.SQL.Service.FireDAC.Driver.MySQL.pas,TRickSQLServiceFireDACDriverMySQL.ApplyConnectionOptions,52,5,2,1,2,0,279
C:\Projects\Language\Delphi\Middleware\RickSQL\src\services\drivers\Rick.SQL.Service.FireDAC.Driver.PostgreSQL.pas,TRickSQLServiceFireDACDriverPostgreSQL.ApplyConnectionOptions,52,5,2,1,2,0,279
C:\Projects\Language\Delphi\Middleware\RickSQL\src\services\drivers\Rick.SQL.Service.FireDAC.Driver.SQLite.pas,TRickSQLServiceFireDACDriverSQLite.ApplyConnectionOptions,49,5,2,1,2,0,279
C:\Projects\Language\Delphi\Middleware\RickSQL\src\core\Rick.SQL.Core.ClientLibrary.Resolver.pas,TRickSQLCoreClientLibraryResolver.FindSystemFile,419,8,1,1,2,0,275
C:\Projects\Language\Delphi\Middleware\RickSQL\src\core\Rick.SQL.Core.ClientLibrary.Resolver.pas,TRickSQLCoreClientLibraryResolver.SetVendorLibrary,890,4,2,1,2,0,267
C:\Projects\Language\Delphi\Middleware\RickSQL\src\core\Rick.SQL.Core.Command.Executor.pas,TRickSQLCoreCommandExecutor.ExecuteSQL,237,8,3,0,1,0,267
C:\Projects\Language\Delphi\Middleware\RickSQL\src\core\Rick.SQL.Core.Connection.Validator.pas,TRickSQLCoreConnectionValidator.ValidateEngine,107,4,2,1,2,0,267
C:\Projects\Language\Delphi\Middleware\RickSQL\src\core\Rick.SQL.Core.DataSet.Materializer.pas,TRickSQLCoreDataSetMaterializer.PrepareWritableFields,203,4,1,1,3,0,267
C:\Projects\Language\Delphi\Middleware\RickSQL\src\core\Rick.SQL.Core.Parameter.Validator.pas,TRickSQLCoreParameterScanner.CharacterAt,224,4,2,1,2,0,267
C:\Projects\Language\Delphi\Middleware\RickSQL\src\core\Rick.SQL.Core.Parameter.Validator.pas,TRickSQLCoreParameterScanner.StartsKeyword,282,4,2,1,2,0,267
C:\Projects\Language\Delphi\Middleware\RickSQL\src\services\Rick.SQL.Service.FireDAC.Connection.pas,TRickSQLServiceFireDACConnection.Open,106,4,2,1,2,0,267
C:\Projects\Language\Delphi\Middleware\RickSQL\src\services\Rick.SQL.Service.FireDAC.Connection.pas,TRickSQLServiceFireDACConnection.Close,139,4,1,1,3,0,267
C:\Projects\Language\Delphi\Middleware\RickSQL\src\services\Rick.SQL.Service.FireDAC.Query.pas,TRickSQLServiceFireDACQuery.Prepare,103,4,2,1,2,0,267
C:\Projects\Language\Delphi\Middleware\RickSQL\src\error\Rick.SQL.Error.Normalizer.pas,TRickSQLErrorNormalizer.MaskSensitiveValue,132,8,2,0,2,0,267
C:\Projects\Language\Delphi\Middleware\RickSQL\src\core\Rick.SQL.Core.ClientLibrary.Resolver.pas,TRickSQLCoreClientLibraryResolver.ExpandVariables,342,7,1,1,2,0,263
C:\Projects\Language\Delphi\Middleware\RickSQL\src\core\Rick.SQL.Core.ClientLibrary.Resolver.pas,TRickSQLCoreClientLibraryResolver.FindInFramework,602,7,1,1,2,0,263
C:\Projects\Language\Delphi\Middleware\RickSQL\src\services\Rick.SQL.Service.FireDAC.Session.pas,TRickSQLServiceFireDACSession.CopyDriverContextError,125,7,0,1,3,0,263
C:\Projects\Language\Delphi\Middleware\RickSQL\src\core\Rick.SQL.Core.Command.Validator.pas,TRickSQLCoreCommandValidator.ValidateSQL,58,3,2,1,2,0,254
C:\Projects\Language\Delphi\Middleware\RickSQL\src\core\Rick.SQL.Core.Connection.Validator.pas,TRickSQLCoreConnectionValidator.ValidatePort,120,3,2,1,2,0,254
C:\Projects\Language\Delphi\Middleware\RickSQL\src\core\Rick.SQL.Core.Connection.Validator.pas,TRickSQLCoreConnectionValidator.ValidateTimeout,129,3,2,1,2,0,254
C:\Projects\Language\Delphi\Middleware\RickSQL\src\core\Rick.SQL.Core.DataSet.Materializer.pas,TRickSQLCoreDataSetMaterializer.FinishPosition,312,3,2,1,2,0,254
C:\Projects\Language\Delphi\Middleware\RickSQL\src\core\Rick.SQL.Core.Parameter.Validator.pas,TRickSQLCoreParameterScanner.NextSignificantWord,357,7,1,0,3,0,254
C:\Projects\Language\Delphi\Middleware\RickSQL\src\core\Rick.SQL.Core.Parameter.Validator.pas,TRickSQLCoreParameterScanner.PreviousWordBeforeToken,383,7,1,0,3,0,254
C:\Projects\Language\Delphi\Middleware\RickSQL\src\services\Rick.SQL.Service.FireDAC.Connection.pas,TRickSQLServiceFireDACConnection.ValidateOpen,115,3,2,1,2,0,254
C:\Projects\Language\Delphi\Middleware\RickSQL\src\services\Rick.SQL.Service.FireDAC.Parameter.Binder.pas,TRickSQLServiceFireDACParameterBinder.ValidateSetup,153,3,2,1,2,0,254
C:\Projects\Language\Delphi\Middleware\RickSQL\src\services\Rick.SQL.Service.FireDAC.Parameter.Binder.pas,ApplyDataType,162,3,2,1,2,0,254
C:\Projects\Language\Delphi\Middleware\RickSQL\src\services\Rick.SQL.Service.FireDAC.Parameter.Binder.pas,ApplySize,177,3,2,1,2,0,254
C:\Projects\Language\Delphi\Middleware\RickSQL\src\services\Rick.SQL.Service.FireDAC.Query.pas,TRickSQLServiceFireDACQuery.ValidatePrepare,112,3,2,1,2,0,254
C:\Projects\Language\Delphi\Middleware\RickSQL\src\services\drivers\Rick.SQL.Service.FireDAC.Driver.Base.pas,TRickSQLServiceFireDACDriverProvider.ApplyPortOption,148,3,2,1,2,0,254
C:\Projects\Language\Delphi\Middleware\RickSQL\src\services\drivers\Rick.SQL.Service.FireDAC.Driver.Base.pas,TRickSQLServiceFireDACDriverProvider.ApplyTimeoutOption,180,3,2,1,2,0,254
C:\Projects\Language\Delphi\Middleware\RickSQL\src\services\drivers\Rick.SQL.Service.FireDAC.Driver.Base.pas,TRickSQLServiceFireDACDriverProvider.ValidateServer,243,3,2,1,2,0,254
C:\Projects\Language\Delphi\Middleware\RickSQL\src\services\drivers\Rick.SQL.Service.FireDAC.Driver.Base.pas,TRickSQLServiceFireDACDriverProvider.ValidateDatabase,255,3,2,1,2,0,254
C:\Projects\Language\Delphi\Middleware\RickSQL\src\services\drivers\Rick.SQL.Service.FireDAC.Driver.Base.pas,TRickSQLServiceFireDACDriverProvider.ValidateUserName,267,3,2,1,2,0,254
C:\Projects\Language\Delphi\Middleware\RickSQL\src\services\drivers\Rick.SQL.Service.FireDAC.Driver.Base.pas,TRickSQLServiceFireDACDriverProvider.ValidatePassword,279,3,2,1,2,0,254
C:\Projects\Language\Delphi\Middleware\RickSQL\src\core\Rick.SQL.Core.ClientLibrary.Resolver.pas,TRickSQLCoreClientLibraryResolver.HasDOSHeader,437,6,1,1,2,0,250
C:\Projects\Language\Delphi\Middleware\RickSQL\src\core\Rick.SQL.Core.Parameter.Validator.pas,TRickSQLCoreParameterScanner.TryStartPostgreSQLEscapeString,675,6,1,1,2,0,250
C:\Projects\Language\Delphi\Middleware\RickSQL\src\core\Rick.SQL.Core.Parameter.Validator.pas,TRickSQLCoreParameterScanner.TryEnterPSQLBlockBody,836,6,1,1,2,0,250
C:\Projects\Language\Delphi\Middleware\RickSQL\src\services\Rick.SQL.Service.FireDAC.Transaction.pas,TRickSQLServiceFireDACTransaction.Active,163,6,1,1,2,0,250
C:\Projects\Language\Delphi\Middleware\RickSQL\src\services\drivers\Rick.SQL.Service.FireDAC.Driver.Advantage.pas,TRickSQLServiceFireDACDriverAdvantage.CreateDriverLink,46,6,1,1,2,0,250
C:\Projects\Language\Delphi\Middleware\RickSQL\src\services\drivers\Rick.SQL.Service.FireDAC.Driver.InterBase.pas,TRickSQLServiceFireDACDriverInterBase.CreateDriverLink,49,6,1,1,2,0,250
C:\Projects\Language\Delphi\Middleware\RickSQL\src\error\Rick.SQL.Error.Normalizer.pas,TRickSQLErrorNormalizer.FromDetail,192,3,4,0,1,0,246
C:\Projects\Language\Delphi\Middleware\RickSQL\src\core\Rick.SQL.Core.ClientLibrary.Resolver.pas,TRickSQLCoreClientLibraryResolver.ReadPEOffset,450,5,1,1,2,0,237
C:\Projects\Language\Delphi\Middleware\RickSQL\src\core\Rick.SQL.Core.ClientLibrary.Resolver.pas,TRickSQLCoreClientLibraryResolver.ReadMachine,475,5,1,1,2,0,237
C:\Projects\Language\Delphi\Middleware\RickSQL\src\core\Rick.SQL.Core.ClientLibrary.Resolver.pas,TRickSQLCoreClientLibraryResolver.IsCompatibleCandidate,553,5,1,1,2,0,237
C:\Projects\Language\Delphi\Middleware\RickSQL\src\core\Rick.SQL.Core.Parameter.Validator.pas,TRickSQLCoreParameterScanner.TryStartJSONObject,766,5,1,1,2,0,237
C:\Projects\Language\Delphi\Middleware\RickSQL\src\services\drivers\Rick.SQL.Service.FireDAC.Driver.Access.pas,TRickSQLServiceFireDACDriverAccess.CreateDriverLink,41,5,1,1,2,0,237
C:\Projects\Language\Delphi\Middleware\RickSQL\src\core\Rick.SQL.Core.ClientLibrary.Resolver.pas,TRickSQLCoreClientLibraryResolver.Resolve,851,5,3,0,1,0,229
C:\Projects\Language\Delphi\Middleware\RickSQL\src\services\Rick.SQL.Service.FireDAC.Parameter.Binder.pas,TRickSQLServiceFireDACParameterBinder.ApplyWithError,130,5,3,0,1,0,229
C:\Projects\Language\Delphi\Middleware\RickSQL\src\core\Rick.SQL.Core.Driver.Factory.pas,TRickSQLCoreDriverFactory.Resolve,55,4,1,1,2,0,225
C:\Projects\Language\Delphi\Middleware\RickSQL\src\core\Rick.SQL.Core.Parameter.Validator.pas,TRickSQLCoreParameterScanner.AlternativeQuoteClosing,322,4,1,1,2,0,225
C:\Projects\Language\Delphi\Middleware\RickSQL\src\core\Rick.SQL.Core.Parameter.Validator.pas,TRickSQLCoreParameterScanner.IsMySQLDashComment,577,4,1,1,2,0,225
C:\Projects\Language\Delphi\Middleware\RickSQL\src\services\drivers\Rick.SQL.Service.FireDAC.Driver.Base.pas,TRickSQLServiceFireDACDriverProvider.BeginParameters,131,4,1,1,2,0,225
C:\Projects\Language\Delphi\Middleware\RickSQL\src\services\drivers\Rick.SQL.Service.FireDAC.Driver.Context.pas,TRickSQLServiceFireDACDriverContext.ValidateProvider,105,4,1,1,2,0,225
C:\Projects\Language\Delphi\Middleware\RickSQL\src\services\drivers\Rick.SQL.Service.FireDAC.Driver.Context.pas,TRickSQLServiceFireDACDriverContext.ConfigureVendorLibrary,143,4,1,1,2,0,225
C:\Projects\Language\Delphi\Middleware\RickSQL\src\services\drivers\Rick.SQL.Service.FireDAC.Driver.Firebird.pas,TRickSQLServiceFireDACDriverFirebird.CreateDriverLink,44,4,1,1,2,0,225
C:\Projects\Language\Delphi\Middleware\RickSQL\src\services\drivers\Rick.SQL.Service.FireDAC.Driver.MySQL.pas,TRickSQLServiceFireDACDriverMySQL.CreateDriverLink,41,4,1,1,2,0,225
C:\Projects\Language\Delphi\Middleware\RickSQL\src\services\drivers\Rick.SQL.Service.FireDAC.Driver.PostgreSQL.pas,TRickSQLServiceFireDACDriverPostgreSQL.CreateDriverLink,41,4,1,1,2,0,225
C:\Projects\Language\Delphi\Middleware\RickSQL\src\services\drivers\Rick.SQL.Service.FireDAC.Driver.SQLite.pas,TRickSQLServiceFireDACDriverSQLite.CreateDriverLink,38,4,1,1,2,0,225
C:\Projects\Language\Delphi\Middleware\RickSQL\src\Rick.SQL.Interf.pas,TRickSQLInterf.Open,670,7,0,1,2,0,221
C:\Projects\Language\Delphi\Middleware\RickSQL\src\core\Rick.SQL.Core.ClientLibrary.Resolver.pas,TRickSQLCoreClientLibraryResolver.ArchitectureFromMachine,515,4,1,0,3,0,217
C:\Projects\Language\Delphi\Middleware\RickSQL\src\core\Rick.SQL.Core.ClientLibrary.Resolver.pas,TRickSQLCoreClientLibraryResolver.ArchitectureName,535,4,1,0,3,0,217
C:\Projects\Language\Delphi\Middleware\RickSQL\src\core\Rick.SQL.Core.Open.Executor.pas,TRickSQLCoreOpenExecutor.OpenQuery,191,7,2,0,1,0,212
C:\Projects\Language\Delphi\Middleware\RickSQL\src\core\Rick.SQL.Core.Parameter.Validator.pas,TRickSQLCoreParameterScanner.MarkJSONObjectSeparator,528,3,1,1,2,0,212
C:\Projects\Language\Delphi\Middleware\RickSQL\src\core\Rick.SQL.Core.Parameter.Validator.pas,TRickSQLCoreParameterScanner.PopJSONObject,549,3,1,1,2,0,212
C:\Projects\Language\Delphi\Middleware\RickSQL\src\core\Rick.SQL.Core.Parameter.Validator.pas,TRickSQLCoreParameterScanner.ProcessLineComment,945,3,1,1,2,0,212
C:\Projects\Language\Delphi\Middleware\RickSQL\src\services\Rick.SQL.Service.FireDAC.Connection.pas,TRickSQLServiceFireDACConnection.DisableLoginPrompt,184,3,1,1,2,0,212
C:\Projects\Language\Delphi\Middleware\RickSQL\src\services\Rick.SQL.Service.FireDAC.Query.pas,TRickSQLServiceFireDACQuery.ApplyTimeout,176,3,1,1,2,0,212
C:\Projects\Language\Delphi\Middleware\RickSQL\src\model\Rick.SQL.Model.Connection.Options.pas,TRickSQLConnectionOptions.Create,51,10,1,0,1,0,208
C:\Projects\Language\Delphi\Middleware\RickSQL\src\services\Rick.SQL.Service.FireDAC.Connection.pas,TRickSQLFireDACConnectionSetup.Create,73,3,3,0,1,0,204
C:\Projects\Language\Delphi\Middleware\RickSQL\src\services\Rick.SQL.Service.FireDAC.Query.pas,TRickSQLFireDACQuerySetup.Create,70,3,3,0,1,0,204
C:\Projects\Language\Delphi\Middleware\RickSQL\src\error\Rick.SQL.Error.Normalizer.pas,TRickSQLErrorNormalizer.SensitiveValueEnd,149,3,2,0,2,0,204
C:\Projects\Language\Delphi\Middleware\RickSQL\src\core\Rick.SQL.Core.ClientLibrary.Resolver.pas,TRickSQLCoreClientLibraryResolver.Resolve,832,6,2,0,1,0,200
C:\Projects\Language\Delphi\Middleware\RickSQL\src\core\Rick.SQL.Core.DataSet.Materializer.pas,TRickSQLCoreDataSetMaterializer.CancelPendingChanges,321,2,1,1,2,0,200
C:\Projects\Language\Delphi\Middleware\RickSQL\src\core\Rick.SQL.Core.Parameter.Validator.pas,TRickSQLCoreParameterScanner.PreviousSignificantChar,248,6,1,0,2,0,200
C:\Projects\Language\Delphi\Middleware\RickSQL\src\model\Rick.SQL.Model.Parameter.pas,TRickSQLParameter.Create,32,6,2,0,1,0,200
C:\Projects\Language\Delphi\Middleware\RickSQL\src\model\Rick.SQL.Model.Parameter.pas,TRickSQLParameter.CreateNull,43,6,2,0,1,0,200
C:\Projects\Language\Delphi\Middleware\RickSQL\src\services\Rick.SQL.Service.FireDAC.Connection.pas,TRickSQLServiceFireDACConnection.ExecuteOpen,123,6,2,0,1,0,200
C:\Projects\Language\Delphi\Middleware\RickSQL\src\services\Rick.SQL.Service.FireDAC.Query.pas,TRickSQLServiceFireDACQuery.ExecutePrepare,120,6,2,0,1,0,200
C:\Projects\Language\Delphi\Middleware\RickSQL\src\Rick.SQL.Interf.pas,TRickSQLInterf.BuildCommand,300,9,0,0,2,0,196
C:\Projects\Language\Delphi\Middleware\RickSQL\src\core\Rick.SQL.Core.Command.Executor.pas,TRickSQLCoreCommandExecutor.ConfigureConnection,164,2,3,0,1,0,192
C:\Projects\Language\Delphi\Middleware\RickSQL\src\core\Rick.SQL.Core.Command.Executor.pas,TRickSQLCoreCommandExecutor.ConfigureQuery,175,2,3,0,1,0,192
C:\Projects\Language\Delphi\Middleware\RickSQL\src\core\Rick.SQL.Core.Command.Executor.pas,TRickSQLCoreCommandExecutor.BindParameters,186,2,3,0,1,0,192
C:\Projects\Language\Delphi\Middleware\RickSQL\src\core\Rick.SQL.Core.Open.Executor.pas,TRickSQLCoreOpenExecutor.ConfigureConnection,143,2,3,0,1,0,192
C:\Projects\Language\Delphi\Middleware\RickSQL\src\core\Rick.SQL.Core.Open.Executor.pas,TRickSQLCoreOpenExecutor.ConfigureQuery,162,2,3,0,1,0,192
C:\Projects\Language\Delphi\Middleware\RickSQL\src\core\Rick.SQL.Core.Open.Executor.pas,TRickSQLCoreOpenExecutor.BindParameters,180,2,3,0,1,0,192
C:\Projects\Language\Delphi\Middleware\RickSQL\src\services\drivers\Rick.SQL.Service.FireDAC.Driver.Base.pas,TRickSQLServiceFireDACDriverProvider.ApplyExtraOptions,191,2,2,0,2,0,192
C:\Projects\Language\Delphi\Middleware\RickSQL\src\core\Rick.SQL.Core.ClientLibrary.Resolver.pas,TRickSQLClientLibraryResolution.Located,269,5,2,0,1,0,188
C:\Projects\Language\Delphi\Middleware\RickSQL\src\core\Rick.SQL.Core.ClientLibrary.Resolver.pas,TRickSQLCoreClientLibraryResolver.InspectBinaryStream,487,5,2,0,1,0,188
C:\Projects\Language\Delphi\Middleware\RickSQL\src\core\Rick.SQL.Core.ClientLibrary.Resolver.pas,TRickSQLCoreClientLibraryResolver.Configure,924,5,2,0,1,0,188
C:\Projects\Language\Delphi\Middleware\RickSQL\src\model\Rick.SQL.Model.Driver.Definition.pas,TRickSQLDriverDefinition.Create,39,5,2,0,1,0,188
C:\Projects\Language\Delphi\Middleware\RickSQL\src\services\drivers\Rick.SQL.Service.FireDAC.Driver.Context.pas,TRickSQLServiceFireDACDriverContext.CreateDriverLink,114,4,0,1,2,0,183
C:\Projects\Language\Delphi\Middleware\RickSQL\src\Rick.SQL.Interf.pas,TRickSQLInterf.ErrorDefault,371,4,0,1,2,0,183
C:\Projects\Language\Delphi\Middleware\RickSQL\src\core\Rick.SQL.Core.Error.Parser.pas,TRickSQLCoreErrorParser.FromException,80,1,3,0,1,0,179
C:\Projects\Language\Delphi\Middleware\RickSQL\src\services\Rick.SQL.Service.FireDAC.Transaction.pas,TRickSQLServiceFireDACTransaction.CreateTransactionError,180,1,3,0,1,0,179
C:\Projects\Language\Delphi\Middleware\RickSQL\src\core\Rick.SQL.Core.Parameter.Validator.pas,TRickSQLCoreParameterScanner.TokenStartBeforeColon,374,4,1,0,2,0,175
C:\Projects\Language\Delphi\Middleware\RickSQL\src\model\Rick.SQL.Model.Command.pas,TRickSQLCommand.Create,26,4,2,0,1,0,175
C:\Projects\Language\Delphi\Middleware\RickSQL\src\model\Rick.SQL.Model.Error.pas,TRickSQLError.Create,38,4,2,0,1,0,175
C:\Projects\Language\Delphi\Middleware\RickSQL\src\services\Rick.SQL.Service.FireDAC.Parameter.Binder.pas,ApplyParameter,198,4,2,0,1,0,175
C:\Projects\Language\Delphi\Middleware\RickSQL\src\core\Rick.SQL.Core.ClientLibrary.Resolver.pas,TRickSQLCoreClientLibraryResolver.CurrentPlatformName,323,3,0,1,2,0,171
C:\Projects\Language\Delphi\Middleware\RickSQL\src\core\Rick.SQL.Core.ClientLibrary.Resolver.pas,TRickSQLCoreClientLibraryResolver.CurrentArchitecture
  ,526,3,0,1,2,0,171
C:\Projects\Language\Delphi\Middleware\RickSQL\src\services\Rick.SQL.Service.FireDAC.Session.pas,TRickSQLServiceFireDACSession.DriverContextReady,118,3,0,1,2,0,171
C:\Projects\Language\Delphi\Middleware\RickSQL\src\Rick.SQL.Interf.pas,TRickSQLInterf.BuildConnection,286,10,0,0,1,0,167
C:\Projects\Language\Delphi\Middleware\RickSQL\src\core\Rick.SQL.Core.Command.Validator.pas,TRickSQLCoreCommandValidator.Fail,50,3,2,0,1,0,163
C:\Projects\Language\Delphi\Middleware\RickSQL\src\core\Rick.SQL.Core.Connection.Validator.pas,TRickSQLCoreConnectionValidator.Fail,88,3,2,0,1,0,163
C:\Projects\Language\Delphi\Middleware\RickSQL\src\core\Rick.SQL.Core.Parameter.Validator.pas,TRickSQLCoreParameterValidator.Fail,1013,3,2,0,1,0,163
C:\Projects\Language\Delphi\Middleware\RickSQL\src\core\Rick.SQL.Core.ClientLibrary.Resolver.pas,TRickSQLCoreClientLibraryResolver.InspectBinary,501,6,1,0,1,0,158
C:\Projects\Language\Delphi\Middleware\RickSQL\src\error\Rick.SQL.Error.Normalizer.pas,TRickSQLErrorNormalizer.MaskSensitiveKeys,121,6,1,0,1,0,158
C:\Projects\Language\Delphi\Middleware\RickSQL\src\Rick.SQL.Interf.pas,TRickSQLInterf.ConnectionOptionsDefault,345,9,0,0,1,0,154
C:\Projects\Language\Delphi\Middleware\RickSQL\src\Rick.SQL.Interf.pas,TRickSQLInterf.Add,534,9,0,0,1,0,154
C:\Projects\Language\Delphi\Middleware\RickSQL\src\core\Rick.SQL.Core.ClientLibrary.Resolver.pas,TRickSQLClientLibraryConfiguration.Create,287,2,2,0,1,0,150
C:\Projects\Language\Delphi\Middleware\RickSQL\src\core\Rick.SQL.Core.ClientLibrary.Resolver.pas,TRickSQLVendorLibraryAssignment.Create,295,2,2,0,1,0,150
C:\Projects\Language\Delphi\Middleware\RickSQL\src\core\Rick.SQL.Core.ClientLibrary.Resolver.pas,TRickSQLClientLibrarySearchContext.Create,303,2,2,0,1,0,150
C:\Projects\Language\Delphi\Middleware\RickSQL\src\core\Rick.SQL.Core.DataSet.Materializer.pas,TRickSQLDataSetMaterializationSetup.Create,86,2,2,0,1,0,150
C:\Projects\Language\Delphi\Middleware\RickSQL\src\core\Rick.SQL.Core.Parameter.Validator.pas,TRickSQLCoreParameterScanner.StartLineComment,600,2,2,0,1,0,150
C:\Projects\Language\Delphi\Middleware\RickSQL\src\core\Rick.SQL.Core.Parameter.Validator.pas,ValidateParameterDefinition,1161,2,2,0,1,0,150
C:\Projects\Language\Delphi\Middleware\RickSQL\src\model\Rick.SQL.Model.Connection.Options.pas,TRickSQLConnectionParameter.Create,44,2,2,0,1,0,150
C:\Projects\Language\Delphi\Middleware\RickSQL\src\services\Rick.SQL.Service.FireDAC.Parameter.Binder.pas,TRickSQLFireDACParameterBindSetup.Create,72,2,2,0,1,0,150
C:\Projects\Language\Delphi\Middleware\RickSQL\src\services\drivers\Rick.SQL.Service.FireDAC.Driver.Base.pas,TRickSQLFireDACConnectionParameter.Create,100,2,2,0,1,0,150
C:\Projects\Language\Delphi\Middleware\RickSQL\src\services\drivers\Rick.SQL.Service.FireDAC.Driver.Base.pas,TRickSQLServiceFireDACDriverProvider.ApplyCredentialOptions,165,2,2,0,1,0,150
C:\Projects\Language\Delphi\Middleware\RickSQL\src\services\drivers\Rick.SQL.Service.FireDAC.Driver.DB2.pas,TRickSQLServiceFireDACDriverDB2.ValidateOptions,136,2,2,0,1,0,150
C:\Projects\Language\Delphi\Middleware\RickSQL\src\services\drivers\Rick.SQL.Service.FireDAC.Driver.Informix.pas,TRickSQLServiceFireDACDriverInformix.ValidateOptions,187,2,2,0,1,0,150
C:\Projects\Language\Delphi\Middleware\RickSQL\src\services\drivers\Rick.SQL.Service.FireDAC.Driver.MSSQL.pas,TRickSQLServiceFireDACDriverMSSQL.ValidateOptions,218,2,2,0,1,0,150
C:\Projects\Language\Delphi\Middleware\RickSQL\src\services\drivers\Rick.SQL.Service.FireDAC.Driver.ODBC.pas,TRickSQLServiceFireDACDriverODBC.ValidateOptions,200,2,2,0,1,0,150
C:\Projects\Language\Delphi\Middleware\RickSQL\src\services\drivers\Rick.SQL.Service.FireDAC.Driver.Oracle.pas,TRickSQLServiceFireDACDriverOracle.ValidateOptions,179,2,2,0,1,0,150
C:\Projects\Language\Delphi\Middleware\RickSQL\src\services\drivers\Rick.SQL.Service.FireDAC.Driver.SQLAnywhere.pas,TRickSQLServiceFireDACDriverSQLAnywhere.ValidateOptions,165,2,2,0,1,0,150
C:\Projects\Language\Delphi\Middleware\RickSQL\src\Rick.SQL.pas,TRickSQL.Command,55,1,2,0,1,0,138
C:\Projects\Language\Delphi\Middleware\RickSQL\src\Rick.SQL.pas,TRickSQL.Open,61,1,2,0,1,0,138
C:\Projects\Language\Delphi\Middleware\RickSQL\src\core\Rick.SQL.Core.ClientLibrary.Resolver.pas,TRickSQLCoreClientLibraryResolver.CombinePath,312,1,2,0,1,0,138
C:\Projects\Language\Delphi\Middleware\RickSQL\src\core\Rick.SQL.Core.ClientLibrary.Resolver.pas,TRickSQLCoreClientLibraryResolver.CreateError,546,1,2,0,1,0,138
C:\Projects\Language\Delphi\Middleware\RickSQL\src\core\Rick.SQL.Core.ClientLibrary.Resolver.pas,TRickSQLCoreClientLibraryResolver.ArchitectureDetail,762,1,2,0,1,0,138
C:\Projects\Language\Delphi\Middleware\RickSQL\src\core\Rick.SQL.Core.ClientLibrary.Resolver.pas,TRickSQLCoreClientLibraryResolver.CreateArchitectureError,769,1,2,0,1,0,138
C:\Projects\Language\Delphi\Middleware\RickSQL\src\core\Rick.SQL.Core.Command.Validator.pas,TRickSQLCoreCommandValidator.Validate,80,1,2,0,1,0,138
C:\Projects\Language\Delphi\Middleware\RickSQL\src\core\Rick.SQL.Core.Connection.Validator.pas,TRickSQLCoreConnectionValidator.Validate,235,1,2,0,1,0,138
C:\Projects\Language\Delphi\Middleware\RickSQL\src\core\Rick.SQL.Core.DataSet.Materializer.pas,TRickSQLCoreDataSetMaterializer.CreateDataSetError,118,1,2,0,1,0,138
C:\Projects\Language\Delphi\Middleware\RickSQL\src\core\Rick.SQL.Core.DataSet.Materializer.pas,TRickSQLCoreDataSetMaterializer.ShouldStopCopy,306,1,2,0,1,0,138
C:\Projects\Language\Delphi\Middleware\RickSQL\src\core\Rick.SQL.Core.Error.Parser.pas,TRickSQLCoreErrorParser.Unexpected,101,1,2,0,1,0,138
C:\Projects\Language\Delphi\Middleware\RickSQL\src\core\Rick.SQL.Core.Open.Executor.pas,TRickSQLCoreOpenExecutor.OpenConnection,154,1,2,0,1,0,138
C:\Projects\Language\Delphi\Middleware\RickSQL\src\core\Rick.SQL.Core.Open.Executor.pas,TRickSQLCoreOpenExecutor.PrepareQuery,173,1,2,0,1,0,138
C:\Projects\Language\Delphi\Middleware\RickSQL\src\core\Rick.SQL.Core.Parameter.Validator.pas,TRickSQLCoreParameterScanner.StartsAt,274,1,2,0,1,0,138
C:\Projects\Language\Delphi\Middleware\RickSQL\src\core\Rick.SQL.Core.Parameter.Validator.pas,TRickSQLCoreParameterScanner.IsQualifiedToken,472,1,2,0,1,0,138
C:\Projects\Language\Delphi\Middleware\RickSQL\src\services\Rick.SQL.Service.FireDAC.Connection.pas,TRickSQLServiceFireDACConnection.CreateConnectionError,149,1,2,0,1,0,138
C:\Projects\Language\Delphi\Middleware\RickSQL\src\services\Rick.SQL.Service.FireDAC.Parameter.Binder.pas,TRickSQLServiceFireDACParameterBinder.FindFDParam,117,1,2,0,1,0,138
C:\Projects\Language\Delphi\Middleware\RickSQL\src\services\Rick.SQL.Service.FireDAC.Parameter.Binder.pas,TRickSQLServiceFireDACParameterBinder.CreateParameterError,146,1,2,0,1,0,138
C:\Projects\Language\Delphi\Middleware\RickSQL\src\services\Rick.SQL.Service.FireDAC.Parameter.Binder.pas,ApplyDirection,171,1,2,0,1,0,138
C:\Projects\Language\Delphi\Middleware\RickSQL\src\services\Rick.SQL.Service.FireDAC.Query.pas,TRickSQLServiceFireDACQuery.CreateQueryError,136,1,2,0,1,0,138
C:\Projects\Language\Delphi\Middleware\RickSQL\src\services\Rick.SQL.Service.FireDAC.Session.pas,TRickSQLServiceFireDACSession.CreateSessionError,94,1,2,0,1,0,138
C:\Projects\Language\Delphi\Middleware\RickSQL\src\services\drivers\Rick.SQL.Service.FireDAC.Driver.Base.pas,TRickSQLServiceFireDACDriverProvider.Parameter,108,1,2,0,1,0,138
C:\Projects\Language\Delphi\Middleware\RickSQL\src\services\drivers\Rick.SQL.Service.FireDAC.Driver.Base.pas,TRickSQLServiceFireDACDriverProvider.ApplyServerOption,141,1,2,0,1,0,138
C:\Projects\Language\Delphi\Middleware\RickSQL\src\services\drivers\Rick.SQL.Service.FireDAC.Driver.Base.pas,TRickSQLServiceFireDACDriverProvider.ApplyDatabaseOption,158,1,2,0,1,0,138
C:\Projects\Language\Delphi\Middleware\RickSQL\src\services\drivers\Rick.SQL.Service.FireDAC.Driver.Base.pas,TRickSQLServiceFireDACDriverProvider.ApplyCharacterSetOption,173,1,2,0,1,0,138
C:\Projects\Language\Delphi\Middleware\RickSQL\src\services\drivers\Rick.SQL.Service.FireDAC.Driver.Context.pas,TRickSQLServiceFireDACDriverContext.CreateDriverError,98,1,2,0,1,0,138
C:\Projects\Language\Delphi\Middleware\RickSQL\src\services\drivers\Rick.SQL.Service.FireDAC.Driver.Informix.pas,TRickSQLServiceFireDACDriverInformix.ApplyConnectionOptions,180,1,2,0,1,0,138
C:\Projects\Language\Delphi\Middleware\RickSQL\src\services\drivers\Rick.SQL.Service.FireDAC.Driver.MSSQL.pas,TRickSQLServiceFireDACDriverMSSQL.ApplyConnectionOptions,211,1,2,0,1,0,138
C:\Projects\Language\Delphi\Middleware\RickSQL\src\services\drivers\Rick.SQL.Service.FireDAC.Driver.ODBC.pas,TRickSQLServiceFireDACDriverODBC.ApplyConnectionOptions,193,1,2,0,1,0,138
C:\Projects\Language\Delphi\Middleware\RickSQL\src\services\drivers\Rick.SQL.Service.FireDAC.Driver.Oracle.pas,TRickSQLServiceFireDACDriverOracle.ApplyConnectionOptions,172,1,2,0,1,0,138
C:\Projects\Language\Delphi\Middleware\RickSQL\src\services\drivers\Rick.SQL.Service.FireDAC.Driver.SQLAnywhere.pas,TRickSQLServiceFireDACDriverSQLAnywhere.ApplyConnectionOptions,158,1,2,0,1,0,138
C:\Projects\Language\Delphi\Middleware\RickSQL\src\core\Rick.SQL.Core.DataSet.Materializer.pas,TRickSQLCoreDataSetMaterializer.CreateEmptyMemoryDataSet,146,4,1,0,1,0,133
C:\Projects\Language\Delphi\Middleware\RickSQL\src\core\Rick.SQL.Core.Parameter.Validator.pas,TRickSQLCoreParameterScanner.PushJSONObject,538,4,1,0,1,0,133
C:\Projects\Language\Delphi\Middleware\RickSQL\src\model\Rick.SQL.Model.Error.pas,TRickSQLError.Empty,27,7,0,0,1,0,129
C:\Projects\Language\Delphi\Middleware\RickSQL\src\services\Rick.SQL.Service.FireDAC.Session.pas,TRickSQLServiceFireDACSession.Destroy,84,7,0,0,1,0,129
C:\Projects\Language\Delphi\Middleware\RickSQL\src\services\Rick.SQL.Service.FireDAC.Parameter.Binder.pas,ApplyParameter,69,0,2,0,1,0,125
C:\Projects\Language\Delphi\Middleware\RickSQL\src\core\Rick.SQL.Core.ClientLibrary.Resolver.pas,TRickSQLCoreClientLibraryResolver.SearchDetail,406,3,1,0,1,0,121
C:\Projects\Language\Delphi\Middleware\RickSQL\src\model\Rick.SQL.Model.Driver.Definition.pas,TRickSQLDriverDefinition.AddClientLibrary,50,3,1,0,1,0,121
C:\Projects\Language\Delphi\Middleware\RickSQL\src\model\Rick.SQL.Model.Execution.Result.pas,TRickSQLExecutionResult.Succeeded,26,3,1,0,1,0,121
C:\Projects\Language\Delphi\Middleware\RickSQL\src\model\Rick.SQL.Model.Execution.Result.pas,TRickSQLExecutionResult.Failed,41,3,1,0,1,0,121
C:\Projects\Language\Delphi\Middleware\RickSQL\src\services\drivers\Rick.SQL.Service.FireDAC.Driver.VendorLibrary.pas,ERickSQLVendorLibraryInspection.Create,67,3,1,0,1,0,121
C:\Projects\Language\Delphi\Middleware\RickSQL\src\services\drivers\Rick.SQL.Service.FireDAC.Driver.Context.pas,TRickSQLServiceFireDACDriverContext.Destroy,89,6,0,0,1,0,117
C:\Projects\Language\Delphi\Middleware\RickSQL\src\services\drivers\Rick.SQL.Service.FireDAC.Driver.InterBase.pas,TRickSQLServiceFireDACDriverInterBase.GetDefinition
  ,80,6,0,0,1,0,117
C:\Projects\Language\Delphi\Middleware\RickSQL\src\Rick.SQL.Interf.pas,TRickSQLInterf.CommandParameterDefault,329,6,0,0,1,0,117
C:\Projects\Language\Delphi\Middleware\RickSQL\src\services\drivers\Rick.SQL.Service.FireDAC.Driver.DB2.pas,TRickSQLServiceFireDACDriverDB2.CreateDriverLink,129,2,1,0,1,0,108
C:\Projects\Language\Delphi\Middleware\RickSQL\src\services\drivers\Rick.SQL.Service.FireDAC.Driver.Informix.pas,TRickSQLServiceFireDACDriverInformix.CreateDriverLink,173,2,1,0,1,0,108
C:\Projects\Language\Delphi\Middleware\RickSQL\src\services\drivers\Rick.SQL.Service.FireDAC.Driver.MSSQL.pas,TRickSQLServiceFireDACDriverMSSQL.CreateDriverLink,204,2,1,0,1,0,108
C:\Projects\Language\Delphi\Middleware\RickSQL\src\services\drivers\Rick.SQL.Service.FireDAC.Driver.ODBC.pas,TRickSQLServiceFireDACDriverODBC.CreateDriverLink,186,2,1,0,1,0,108
C:\Projects\Language\Delphi\Middleware\RickSQL\src\services\drivers\Rick.SQL.Service.FireDAC.Driver.Oracle.pas,TRickSQLServiceFireDACDriverOracle.CreateDriverLink,165,2,1,0,1,0,108
C:\Projects\Language\Delphi\Middleware\RickSQL\src\services\drivers\Rick.SQL.Service.FireDAC.Driver.SQLAnywhere.pas,TRickSQLServiceFireDACDriverSQLAnywhere.CreateDriverLink,151,2,1,0,1,0,108
C:\Projects\Language\Delphi\Middleware\RickSQL\src\Rick.SQL.Interf.pas,TRickSQLInterf.Engine,359,2,1,0,1,0,108
C:\Projects\Language\Delphi\Middleware\RickSQL\src\Rick.SQL.Interf.pas,TRickSQLInterf.Server,385,2,1,0,1,0,108
C:\Projects\Language\Delphi\Middleware\RickSQL\src\Rick.SQL.Interf.pas,TRickSQLInterf.Size,391,2,1,0,1,0,108
C:\Projects\Language\Delphi\Middleware\RickSQL\src\Rick.SQL.Interf.pas,TRickSQLInterf.SQL,397,2,1,0,1,0,108
C:\Projects\Language\Delphi\Middleware\RickSQL\src\Rick.SQL.Interf.pas,TRickSQLInterf.TimeOut,403,2,1,0,1,0,108
C:\Projects\Language\Delphi\Middleware\RickSQL\src\Rick.SQL.Interf.pas,TRickSQLInterf.Transation,414,2,1,0,1,0,108
C:\Projects\Language\Delphi\Middleware\RickSQL\src\Rick.SQL.Interf.pas,TRickSQLInterf.Port,420,2,1,0,1,0,108
C:\Projects\Language\Delphi\Middleware\RickSQL\src\Rick.SQL.Interf.pas,TRickSQLInterf.Position,426,2,1,0,1,0,108
C:\Projects\Language\Delphi\Middleware\RickSQL\src\Rick.SQL.Interf.pas,TRickSQLInterf.Preserve,433,2,1,0,1,0,108
C:\Projects\Language\Delphi\Middleware\RickSQL\src\Rick.SQL.Interf.pas,TRickSQLInterf.Database,450,2,1,0,1,0,108
C:\Projects\Language\Delphi\Middleware\RickSQL\src\Rick.SQL.Interf.pas,TRickSQLInterf.DataType,461,2,1,0,1,0,108
C:\Projects\Language\Delphi\Middleware\RickSQL\src\Rick.SQL.Interf.pas,TRickSQLInterf.UserName,468,2,1,0,1,0,108
C:\Projects\Language\Delphi\Middleware\RickSQL\src\Rick.SQL.Interf.pas,TRickSQLInterf.Value,474,2,1,0,1,0,108
C:\Projects\Language\Delphi\Middleware\RickSQL\src\Rick.SQL.Interf.pas,TRickSQLInterf.Password,485,2,1,0,1,0,108
C:\Projects\Language\Delphi\Middleware\RickSQL\src\Rick.SQL.Interf.pas,TRickSQLInterf.CharacterSet,491,2,1,0,1,0,108
C:\Projects\Language\Delphi\Middleware\RickSQL\src\Rick.SQL.Interf.pas,TRickSQLInterf.ConnectTimeout,509,2,1,0,1,0,108
C:\Projects\Language\Delphi\Middleware\RickSQL\src\Rick.SQL.Interf.pas,TRickSQLInterf.LibraryPath,515,2,1,0,1,0,108
C:\Projects\Language\Delphi\Middleware\RickSQL\src\Rick.SQL.Interf.pas,TRickSQLInterf.MaxRedord,527,2,1,0,1,0,108
C:\Projects\Language\Delphi\Middleware\RickSQL\src\Rick.SQL.Interf.pas,TRickSQLInterf.Direction,625,2,1,0,1,0,108
C:\Projects\Language\Delphi\Middleware\RickSQL\src\Rick.SQL.Interf.pas,TRickSQLInterf.FetchAll,647,2,1,0,1,0,108
C:\Projects\Language\Delphi\Middleware\RickSQL\src\Rick.SQL.Interf.pas,TRickSQLInterf.Name,653,2,1,0,1,0,108
C:\Projects\Language\Delphi\Middleware\RickSQL\src\Rick.SQL.Interf.pas,TRickSQLInterf.IsNull,664,2,1,0,1,0,108
C:\Projects\Language\Delphi\Middleware\RickSQL\src\Rick.SQL.Interf.pas,TRickSQLInterf.Owner,692,2,1,0,1,0,108
C:\Projects\Language\Delphi\Middleware\RickSQL\src\model\Rick.SQL.Model.Command.Options.pas,TRickSQLCommandOptions.CreateDefault,32,5,0,0,1,0,104
C:\Projects\Language\Delphi\Middleware\RickSQL\src\services\Rick.SQL.Service.FireDAC.Session.pas,TRickSQLServiceFireDACSession.InitializeState,101,5,0,0,1,0,104
C:\Projects\Language\Delphi\Middleware\RickSQL\src\services\drivers\Rick.SQL.Service.FireDAC.Driver.Advantage.pas,TRickSQLServiceFireDACDriverAdvantage.GetDefinition
  ,77,5,0,0,1,0,104
C:\Projects\Language\Delphi\Middleware\RickSQL\src\Rick.SQL.Interf.pas,TRickSQLInterf.Create,602,5,0,0,1,0,104
C:\Projects\Language\Delphi\Middleware\RickSQL\src\Rick.SQL.pas,TRickSQL.ConnectionOptions,50,1,1,0,1,0,096
C:\Projects\Language\Delphi\Middleware\RickSQL\src\Rick.SQL.pas,TRickSQL.Execute,67,1,1,0,1,0,096
C:\Projects\Language\Delphi\Middleware\RickSQL\src\core\Rick.SQL.Core.ClientLibrary.Resolver.pas,TRickSQLCoreClientLibraryResolver.DatabaseEngineName,369,1,1,0,1,0,096
C:\Projects\Language\Delphi\Middleware\RickSQL\src\core\Rick.SQL.Core.ClientLibrary.Resolver.pas,TRickSQLCoreClientLibraryResolver.ArchitectureIsCompatible,755,1,1,0,1,0,096
C:\Projects\Language\Delphi\Middleware\RickSQL\src\core\Rick.SQL.Core.Connection.Validator.pas,TRickSQLCoreConnectionValidator.HasConnectionData,96,1,1,0,1,0,096
C:\Projects\Language\Delphi\Middleware\RickSQL\src\core\Rick.SQL.Core.DataSet.Materializer.pas,TRickSQLCoreDataSetMaterializer.ReleaseOnFailure,328,1,1,0,1,0,096
C:\Projects\Language\Delphi\Middleware\RickSQL\src\core\Rick.SQL.Core.Driver.Context.Factory.pas,TRickSQLCoreDriverContextFactory.CreateDriverError,105,1,1,0,1,0,096
C:\Projects\Language\Delphi\Middleware\RickSQL\src\core\Rick.SQL.Core.Error.Parser.pas,TRickSQLCoreErrorParser.FriendlyMessage,60,1,1,0,1,0,096
C:\Projects\Language\Delphi\Middleware\RickSQL\src\core\Rick.SQL.Core.Parameter.Validator.pas,TRickSQLCoreParameterScanner.CurrentChar,236,1,1,0,1,0,096
C:\Projects\Language\Delphi\Middleware\RickSQL\src\core\Rick.SQL.Core.Parameter.Validator.pas,TRickSQLCoreParameterScanner.NextChar,242,1,1,0,1,0,096
C:\Projects\Language\Delphi\Middleware\RickSQL\src\core\Rick.SQL.Core.Parameter.Validator.pas,TRickSQLCoreParameterScanner.IsNameStart,262,1,1,0,1,0,096
C:\Projects\Language\Delphi\Middleware\RickSQL\src\core\Rick.SQL.Core.Parameter.Validator.pas,TRickSQLCoreParameterScanner.IsNamePart,268,1,1,0,1,0,096
C:\Projects\Language\Delphi\Middleware\RickSQL\src\core\Rick.SQL.Core.Parameter.Validator.pas,TRickSQLCoreParameterScanner.CanReadParameter,294,1,1,0,1,0,096
C:\Projects\Language\Delphi\Middleware\RickSQL\src\core\Rick.SQL.Core.Parameter.Validator.pas,TRickSQLCoreParameterScanner.SupportsBracketIdentifier,300,1,1,0,1,0,096
C:\Projects\Language\Delphi\Middleware\RickSQL\src\core\Rick.SQL.Core.Parameter.Validator.pas,TRickSQLCoreParameterScanner.SupportsBacktickIdentifier,308,1,1,0,1,0,096
C:\Projects\Language\Delphi\Middleware\RickSQL\src\core\Rick.SQL.Core.Parameter.Validator.pas,TRickSQLCoreParameterScanner.SupportsAlternativeQuote,315,1,1,0,1,0,096
C:\Projects\Language\Delphi\Middleware\RickSQL\src\core\Rick.SQL.Core.Parameter.Validator.pas,TRickSQLCoreParameterScanner.SupportsArraySlice,336,1,1,0,1,0,096
C:\Projects\Language\Delphi\Middleware\RickSQL\src\core\Rick.SQL.Core.Parameter.Validator.pas,TRickSQLCoreParameterScanner.SupportsJSONColon,343,1,1,0,1,0,096
C:\Projects\Language\Delphi\Middleware\RickSQL\src\core\Rick.SQL.Core.Parameter.Validator.pas,TRickSQLCoreParameterScanner.SupportsNestedBlockComment,350,1,1,0,1,0,096
C:\Projects\Language\Delphi\Middleware\RickSQL\src\core\Rick.SQL.Core.Parameter.Validator.pas,SupportsSize,1035,1,1,0,1,0,096
C:\Projects\Language\Delphi\Middleware\RickSQL\src\core\Rick.SQL.Core.Parameter.Validator.pas,IsSupportedDataType,1042,1,1,0,1,0,096
C:\Projects\Language\Delphi\Middleware\RickSQL\src\core\Rick.SQL.Core.Parameter.Validator.pas,IsStringDataType,1048,1,1,0,1,0,096
C:\Projects\Language\Delphi\Middleware\RickSQL\src\core\Rick.SQL.Core.Parameter.Validator.pas,IsNumericDataType,1054,1,1,0,1,0,096
C:\Projects\Language\Delphi\Middleware\RickSQL\src\core\Rick.SQL.Core.Parameter.Validator.pas,IsDateDataType,1061,1,1,0,1,0,096
C:\Projects\Language\Delphi\Middleware\RickSQL\src\model\Rick.SQL.Model.Command.pas,TRickSQLCommand.AddParameter,36,1,1,0,1,0,096
C:\Projects\Language\Delphi\Middleware\RickSQL\src\model\Rick.SQL.Model.Driver.Definition.pas,TRickSQLDriverDefinition.Requires,59,1,1,0,1,0,096
C:\Projects\Language\Delphi\Middleware\RickSQL\src\services\Rick.SQL.Service.FireDAC.Connection.pas,TRickSQLServiceFireDACConnection.ApplyProviderOptions,177,1,1,0,1,0,096
C:\Projects\Language\Delphi\Middleware\RickSQL\src\services\Rick.SQL.Service.FireDAC.Parameter.Binder.pas,TRickSQLServiceFireDACParameterBinder.CreateMissingParameterError,123,1,1,0,1,0,096
C:\Projects\Language\Delphi\Middleware\RickSQL\src\services\Rick.SQL.Service.FireDAC.Query.pas,TRickSQLServiceFireDACQuery.AssignConnection,164,1,1,0,1,0,096
C:\Projects\Language\Delphi\Middleware\RickSQL\src\services\Rick.SQL.Service.FireDAC.Query.pas,TRickSQLServiceFireDACQuery.AssignSQL,170,1,1,0,1,0,096
C:\Projects\Language\Delphi\Middleware\RickSQL\src\services\Rick.SQL.Service.FireDAC.Session.pas,TRickSQLServiceFireDACSession.AttachDriverContext,112,1,1,0,1,0,096
C:\Projects\Language\Delphi\Middleware\RickSQL\src\error\Rick.SQL.Error.Normalizer.pas,TRickSQLErrorNormalizer.SanitizeText,115,1,1,0,1,0,096
C:\Projects\Language\Delphi\Middleware\RickSQL\src\error\Rick.SQL.Error.Normalizer.pas,TRickSQLErrorNormalizer.IsValueDelimiter,158,1,1,0,1,0,096
C:\Projects\Language\Delphi\Middleware\RickSQL\src\core\Rick.SQL.Core.ClientLibrary.Resolver.pas,TRickSQLClientLibraryResolution.Empty
  ,260,4,0,0,1,0,092
C:\Projects\Language\Delphi\Middleware\RickSQL\src\core\Rick.SQL.Core.ClientLibrary.Resolver.pas,TRickSQLCoreClientLibraryResolver.LoadPathDirectories
  ,617,4,0,0,1,0,092
C:\Projects\Language\Delphi\Middleware\RickSQL\src\services\drivers\Rick.SQL.Service.FireDAC.Driver.Access.pas,TRickSQLServiceFireDACDriverAccess.GetDefinition
  ,69,4,0,0,1,0,092
C:\Projects\Language\Delphi\Middleware\RickSQL\src\services\drivers\Rick.SQL.Service.FireDAC.Driver.Firebird.pas,TRickSQLServiceFireDACDriverFirebird.GetDefinition
  ,70,4,0,0,1,0,092
C:\Projects\Language\Delphi\Middleware\RickSQL\src\services\drivers\Rick.SQL.Service.FireDAC.Driver.MySQL.pas,TRickSQLServiceFireDACDriverMySQL.GetDefinition
  ,64,4,0,0,1,0,092
C:\Projects\Language\Delphi\Middleware\RickSQL\src\services\drivers\Rick.SQL.Service.FireDAC.Driver.PostgreSQL.pas,TRickSQLServiceFireDACDriverPostgreSQL.GetDefinition
  ,64,4,0,0,1,0,092
C:\Projects\Language\Delphi\Middleware\RickSQL\src\Rick.SQL.Interf.pas,TRickSQLInterf.CommandOptionsDefault,321,4,0,0,1,0,092
C:\Projects\Language\Delphi\Middleware\RickSQL\src\Rick.SQL.Interf.pas,TRickSQLInterf.Execute,632,4,0,0,1,0,092
C:\Projects\Language\Delphi\Middleware\RickSQL\src\model\Rick.SQL.Model.Execution.Result.pas,TRickSQLExecutionResult.Default,34,3,0,0,1,0,079
C:\Projects\Language\Delphi\Middleware\RickSQL\src\services\drivers\Rick.SQL.Service.FireDAC.Driver.DB2.pas,TRickSQLServiceFireDACDriverDB2.GetDefinition
  ,115,3,0,0,1,0,079
C:\Projects\Language\Delphi\Middleware\RickSQL\src\services\drivers\Rick.SQL.Service.FireDAC.Driver.Informix.pas,TRickSQLServiceFireDACDriverInformix.GetDefinition
  ,159,3,0,0,1,0,079
C:\Projects\Language\Delphi\Middleware\RickSQL\src\services\drivers\Rick.SQL.Service.FireDAC.Driver.MSSQL.pas,TRickSQLServiceFireDACDriverMSSQL.GetDefinition
  ,193,3,0,0,1,0,079
C:\Projects\Language\Delphi\Middleware\RickSQL\src\services\drivers\Rick.SQL.Service.FireDAC.Driver.Oracle.pas,TRickSQLServiceFireDACDriverOracle.GetDefinition
  ,152,3,0,0,1,0,079
C:\Projects\Language\Delphi\Middleware\RickSQL\src\services\drivers\Rick.SQL.Service.FireDAC.Driver.SQLAnywhere.pas,TRickSQLServiceFireDACDriverSQLAnywhere.GetDefinition
  ,138,3,0,0,1,0,079
C:\Projects\Language\Delphi\Middleware\RickSQL\src\Rick.SQL.Interf.pas,TRickSQLInterf.AddNull,576,3,0,0,1,0,079
C:\Projects\Language\Delphi\Middleware\RickSQL\src\Rick.SQL.Interf.pas,TRickSQLInterf.AddVariant,589,3,0,0,1,0,079
C:\Projects\Language\Delphi\Middleware\RickSQL\src\core\Rick.SQL.Core.ClientLibrary.Resolver.pas,TRickSQLClientLibraryResolution.NotRequired
  ,280,2,0,0,1,0,067
C:\Projects\Language\Delphi\Middleware\RickSQL\src\model\Rick.SQL.Model.Command.Options.pas,TRickSQLMaterializationOptions.CreateDefault
  ,25,2,0,0,1,0,067
C:\Projects\Language\Delphi\Middleware\RickSQL\src\services\drivers\Rick.SQL.Service.FireDAC.Driver.SQLite.pas,TRickSQLServiceFireDACDriverSQLite.GetDefinition
  ,61,2,0,0,1,0,067
C:\Projects\Language\Delphi\Middleware\RickSQL\src\Rick.SQL.Interf.pas,TRickSQLInterf.Clear,497,2,0,0,1,0,067
C:\Projects\Language\Delphi\Middleware\RickSQL\src\Rick.SQL.Interf.pas,TRickSQLInterf.ClearConnectionParameter,503,2,0,0,1,0,067
C:\Projects\Language\Delphi\Middleware\RickSQL\src\Rick.SQL.Interf.pas,TRickSQLInterf.MaterializationOptionsDefault,521,2,0,0,1,0,067
C:\Projects\Language\Delphi\Middleware\RickSQL\src\Rick.SQL.Interf.pas,TRickSQLInterf.Default,611,2,0,0,1,0,067
C:\Projects\Language\Delphi\Middleware\RickSQL\src\Rick.SQL.Interf.pas,TRickSQLInterf.Destroy,618,2,0,0,1,0,067
C:\Projects\Language\Delphi\Middleware\RickSQL\src\core\Rick.SQL.Core.ClientLibrary.Resolver.pas,TRickSQLCoreClientLibraryResolver.ExecutableDirectory,318,1,0,0,1,0,054
C:\Projects\Language\Delphi\Middleware\RickSQL\src\services\Rick.SQL.Service.FireDAC.Session.pas,TRickSQLServiceFireDACSession.CreateConnection,137,1,0,0,1,0,054
C:\Projects\Language\Delphi\Middleware\RickSQL\src\services\Rick.SQL.Service.FireDAC.Session.pas,TRickSQLServiceFireDACSession.CreateQuery,142,1,0,0,1,0,054
C:\Projects\Language\Delphi\Middleware\RickSQL\src\services\Rick.SQL.Service.FireDAC.Session.pas,TRickSQLServiceFireDACSession.MarkReady,147,1,0,0,1,0,054
C:\Projects\Language\Delphi\Middleware\RickSQL\src\services\drivers\Rick.SQL.Service.FireDAC.Driver.Base.pas,TRickSQLServiceFireDACDriverProvider.Definition
  ,231,1,0,0,1,0,054
C:\Projects\Language\Delphi\Middleware\RickSQL\src\services\drivers\Rick.SQL.Service.FireDAC.Driver.Base.pas,TRickSQLServiceFireDACDriverProvider.Engine
  ,237,1,0,0,1,0,054
C:\Projects\Language\Delphi\Middleware\RickSQL\src\services\drivers\Rick.SQL.Service.FireDAC.Driver.Context.pas,TRickSQLServiceFireDACDriverContext.MarkConfigured,155,1,0,0,1,0,054
C:\Projects\Language\Delphi\Middleware\RickSQL\src\services\drivers\Rick.SQL.Service.FireDAC.Driver.VendorLibrary.pas,TRickSQLVendorLibraryApplyResult.Succeeded,73,1,0,0,1,0,054
C:\Projects\Language\Delphi\Middleware\RickSQL\src\services\drivers\Rick.SQL.Service.FireDAC.Driver.DB2.pas,TRickSQLServiceFireDACDriverDB2.RaiseFullEditionRequired,110,1,0,0,1,0,054
C:\Projects\Language\Delphi\Middleware\RickSQL\src\services\drivers\Rick.SQL.Service.FireDAC.Driver.Informix.pas,TRickSQLServiceFireDACDriverInformix.RaiseFullEditionRequired,154,1,0,0,1,0,054
C:\Projects\Language\Delphi\Middleware\RickSQL\src\services\drivers\Rick.SQL.Service.FireDAC.Driver.MSSQL.pas,TRickSQLServiceFireDACDriverMSSQL.RaiseFullEditionRequired,188,1,0,0,1,0,054
C:\Projects\Language\Delphi\Middleware\RickSQL\src\services\drivers\Rick.SQL.Service.FireDAC.Driver.ODBC.pas,TRickSQLServiceFireDACDriverODBC.RaiseFullEditionRequired,174,1,0,0,1,0,054
C:\Projects\Language\Delphi\Middleware\RickSQL\src\services\drivers\Rick.SQL.Service.FireDAC.Driver.ODBC.pas,TRickSQLServiceFireDACDriverODBC.GetDefinition
  ,179,1,0,0,1,0,054
C:\Projects\Language\Delphi\Middleware\RickSQL\src\services\drivers\Rick.SQL.Service.FireDAC.Driver.Oracle.pas,TRickSQLServiceFireDACDriverOracle.RaiseFullEditionRequired,147,1,0,0,1,0,054
C:\Projects\Language\Delphi\Middleware\RickSQL\src\services\drivers\Rick.SQL.Service.FireDAC.Driver.SQLAnywhere.pas,TRickSQLServiceFireDACDriverSQLAnywhere.RaiseFullEditionRequired,133,1,0,0,1,0,054
C:\Projects\Language\Delphi\Middleware\RickSQL\src\Rick.SQL.Interf.pas,TRickSQLInterf.Back,281,1,0,0,1,0,054
C:\Projects\Language\Delphi\Middleware\RickSQL\src\Rick.SQL.Interf.pas,TRickSQLInterf.Command,316,1,0,0,1,0,054
C:\Projects\Language\Delphi\Middleware\RickSQL\src\Rick.SQL.Interf.pas,TRickSQLInterf.ConnectionOptions,340,1,0,0,1,0,054
C:\Projects\Language\Delphi\Middleware\RickSQL\src\Rick.SQL.Interf.pas,TRickSQLInterf.Error,366,1,0,0,1,0,054
C:\Projects\Language\Delphi\Middleware\RickSQL\src\Rick.SQL.Interf.pas,TRickSQLInterf.ErrorFull,380,1,0,0,1,0,054
C:\Projects\Language\Delphi\Middleware\RickSQL\src\Rick.SQL.Interf.pas,TRickSQLInterf.ToBack,409,1,0,0,1,0,054
C:\Projects\Language\Delphi\Middleware\RickSQL\src\Rick.SQL.Interf.pas,TRickSQLInterf.Result,440,1,0,0,1,0,054
C:\Projects\Language\Delphi\Middleware\RickSQL\src\Rick.SQL.Interf.pas,TRickSQLInterf.Return,445,1,0,0,1,0,054
C:\Projects\Language\Delphi\Middleware\RickSQL\src\Rick.SQL.Interf.pas,TRickSQLInterf.DataSet,456,1,0,0,1,0,054
C:\Projects\Language\Delphi\Middleware\RickSQL\src\Rick.SQL.Interf.pas,TRickSQLInterf.Parameter,480,1,0,0,1,0,054
C:\Projects\Language\Delphi\Middleware\RickSQL\src\Rick.SQL.Interf.pas,TRickSQLInterf.Cursor,642,1,0,0,1,0,054
C:\Projects\Language\Delphi\Middleware\RickSQL\src\Rick.SQL.Interf.pas,TRickSQLInterf.New,659,1,0,0,1,0,054
C:\Projects\Language\Delphi\Middleware\RickSQL\src\Rick.SQL.Interf.pas,TRickSQLInterf.Option,687,1,0,0,1,0,054
